-- phpMyAdmin SQL Dump
-- version 4.5.4.1deb2ubuntu2
-- http://www.phpmyadmin.net
--
-- Servidor: localhost
-- Tiempo de generación: 18-04-2018 a las 14:27:51
-- Versión del servidor: 5.7.21-0ubuntu0.16.04.1
-- Versión de PHP: 7.0.28-0ubuntu0.16.04.1

SET SQL_MODE = "NO_AUTO_VALUE_ON_ZERO";
SET time_zone = "+00:00";


/*!40101 SET @OLD_CHARACTER_SET_CLIENT=@@CHARACTER_SET_CLIENT */;
/*!40101 SET @OLD_CHARACTER_SET_RESULTS=@@CHARACTER_SET_RESULTS */;
/*!40101 SET @OLD_COLLATION_CONNECTION=@@COLLATION_CONNECTION */;
/*!40101 SET NAMES utf8mb4 */;

--
-- Base de datos: `glpibovis`
--

-- --------------------------------------------------------

--
-- Estructura de tabla para la tabla `glpi_plugin_comproveedores_categories`
--

CREATE TABLE IF NOT EXISTS `glpi_plugin_comproveedores_categories` (
  `id` int(11) NOT NULL,
  `name` varchar(255) DEFAULT NULL,
  `glpi_plugin_comproveedores_roltypes_id` int(11) NOT NULL
) ENGINE=MyISAM  DEFAULT CHARSET=utf8 COLLATE=utf8_unicode_ci;

--
-- Volcado de datos para la tabla `glpi_plugin_comproveedores_categories`
--

INSERT INTO `glpi_plugin_comproveedores_categories` (`id`, `name`, `glpi_plugin_comproveedores_roltypes_id`) VALUES
(1, 'SUMINISTRO MATERIALES PARA OBRA CIVIL', 1),
(2, 'SUMINISTRO MATERIALES PARA ACABADOS', 1),
(3, 'SUMINISTRO AISLAMIENTOS Y TRATAMIENTOS ESPECÍFICOS', 1),
(4, 'SUMINISTRO MATERIALES PARA INSTALACIONES ELECTROMECÁNICAS', 1),
(5, 'CONTRATISTA GENERAL OBRA CIVIL', 2),
(6, 'CONTRATISTA ESPECIALISTA ACONDICIONAMIENTO INTEGRAL  FIT OUT', 2),
(7, 'CONTRATISTA GENERAL INSTALACIONES ELECTROMECÁNICAS', 2),
(8, 'CONTRATISTA MEDIOS AUXILIARES  PRELIMINARES', 2),
(9, 'CONTRATISTA SEGURIDAD Y SALUD', 2),
(10, 'CONTRATISTA ESPECIALIDADES OBRA CIVIL  SUBESTRUCTURA Y ESTRUCTURA', 2),
(11, 'CONTRATISTA ESPECIALIDADES OBRA CIVIL  SOLUCIONES PREFABRICADAS', 2),
(12, 'CONTRATISTA ESPECIALIDADES OBRA CIVIL  ALBAÑILERÍA', 2),
(13, 'CONTRATISTA ESPECIALIDADES OBRA CIVIL  FACHADA', 2),
(14, 'CONTRATISTA ESPECIALIDADES OBRA CIVIL  CUBIERTAS', 2),
(15, 'CONTRATISTA ESPECIALIDADES OBRA CIVIL  URBANIZACIÓN Y PAISAJISMO', 2),
(16, 'CONTRATISTA AISLAMIENTOS Y TRATAMIENTOS ESPECÍFICOS', 2),
(17, 'CONTRATISTA ESPECIALIDADES ACABADOS', 2),
(18, 'CONTRATISTA INSTALACIONES ELÉCTRICAS', 2),
(19, 'CONTRATISTA INSTALACIONES MECÁNICAS', 2),
(20, 'CONTRATISTA INSTALACIONES ESPECIALES', 2),
(21, 'CONTRATISTA MEDIOS DE ELEVACIÓN', 2),
(22, 'CONTRATISTA DE REHABILITACIÓN', 2),
(23, 'CONTRATISTA DE EQUIPAMIENTO', 2);

-- --------------------------------------------------------

--
-- Estructura de tabla para la tabla `glpi_plugin_comproveedores_specialties`
--

CREATE TABLE IF NOT EXISTS `glpi_plugin_comproveedores_specialties` (
  `id` int(11) NOT NULL,
  `glpi_plugin_comproveedores_categories_id` int(11) NOT NULL,
  `name` mediumtext
) ENGINE=MyISAM  DEFAULT CHARSET=utf8 COLLATE=utf8_unicode_ci;


--
-- Volcado de datos para la tabla `glpi_plugin_comproveedores_specialties`
--

INSERT INTO `glpi_plugin_comproveedores_specialties` (`id`, `glpi_plugin_comproveedores_categories_id`, `name`) VALUES
(1, 1, 'SUMINISTRO MATERIALES Y ELEMENTOS ESTRUCTURALES'),
(2, 1, 'SUMINISTRO MORTEROS, ADITIVOS, ADHESIVOS'),
(3, 1, 'SUMINISTRO ELEMENTOS PREFABRICADOS DE HORMIGÓN'),
(4, 1, 'SUMINISTRO ELEMENTOS PREFABRICADOS DE GRC'),
(5, 1, 'SUMINISTRO OTROSPREFABRICADOS'),
(6, 1, 'SUMINISTRO PIEDRA NATURAL (MÁRMOLES, GRANITOS, CALIZAS, PIZARRAS)'),
(7, 1, 'SUMINISTRO MATERIALES CERÁMICOS (BALDOSAS, ALICATADOS, REVESTIMIENTOS CERÁMICOS)'),
(8, 2, 'SUMINISTRO FALSOS TECHOS METÁLICOS'),
(9, 2, 'SUMINISTRO FALSOS TECHOS FIBRAS MINERALES'),
(10, 2, 'SUMINISTRO FALSOS TECHOS MADERAS'),
(11, 2, 'SUMINISTRO MAMPARAS'),
(12, 3, 'MATERIALES AISLAMIENTO TÉRMICO'),
(13, 3, 'MATERIALES AISLAMIENTO ACÚSTICO'),
(14, 3, 'LÁMINAS Y MATERIALES IMPERMEABILIZACIÓN'),
(15, 4, 'SUMINISTRO EQUIPOS Y ELEMENTOS PARA INSTALACIONES ELÉCTRICAS'),
(16, 4, 'SUMINISTRO EQUIPOS Y ELEMENTOS PARA INSTALACIONES ELÉCTRICAS - LUMINARIAS E ILUMINACIÓN'),
(17, 4, 'SUMINISTRO EQUIPOS Y ELEMENTOS PARA INSTALACIONES DE FONTANERÍA Y SANEAMIENTO'),
(18, 4, 'SUMINISTRO EQUIPOS Y ELEMENTOS PARA INSTALACIONES DE CLIMATIZACIÓN, VENTILACIÓN Y EXTRACCIÓN'),
(19, 4, 'SUMINISTRO EQUIPOS Y ELEMENTOS PARA PROTECCIÓN CONTRA INCENDIOS'),
(20, 4, 'SUMINISTRO EQUIPOS Y ELEMENTOS PARA INSTALACIONES ESPECIALES'),
(21, 5, 'CONTRATISTA GENERAL OBRA CIVIL GRANDE'),
(22, 5, 'CONTRATISTA GENERAL OBRA CIVIL MEDIANO'),
(23, 5, 'CONTRATISTA GENERAL OBRA CIVIL PEQUEÑO'),
(24, 6, 'CONTRATISTA ESPECIALISTA ACONDICIONAMIENTO INTEGRAL OFICINAS'),
(25, 6, 'CONTRATISTA ESPECIALISTA ACONDICIONAMIENTO INTEGRAL OFICINAS BANCARIAS'),
(26, 6, 'CONTRATISTA ESPECIALISTA ACONDICIONAMIENTO INTEGRAL LOCALES COMERCIALES'),
(27, 7, 'CONTRATISTA GENERAL INSTALACIONES ELECTROMECÁNICAS MEDIANO'),
(28, 7, 'CONTRATISTA GENERAL INSTALACIONES ELECTROMECÁNICAS PEQUEÑO'),
(29, 8, 'ALQUILER GRÚAS TORRE'),
(30, 8, 'ALQUILER Y MONTAJE CASETAS PREFABRICADAS'),
(31, 8, 'ALQUILER CONTENEDORES'),
(32, 8, 'INSTALACIONES PROVISIONALES OBRA'),
(33, 8, 'ALQUILER GRUPOS ELECTRÓGENOS'),
(34, 8, 'ALQUILER GRÚAS AUTOMÓVILES Y SOBRE CAMIÓN'),
(35, 8, 'SUMINISTRO / INSTALACIÓN CERRAMIENTOS PROVISIONALES'),
(36, 8, 'SUMINISTRO MATERIAL Y EQUIPAMIENTO OFICINA'),
(37, 8, 'ALQUILER ANDAMIOS Y CIMBRAS'),
(38, 8, 'ALQUILER PLATAFORMAS TIJERA'),
(39, 8, 'ALQUILER MONTACARGAS'),
(40, 8, 'ALQUILER ANDAMIOS CREMALLERA'),
(41, 8, 'ALQUILER CESTAS BRAZO ARTICULADO'),
(42, 8, 'ALQUILER MAQUINARIA'),
(43, 8, 'EMPRESAS DE SEGURIDAD Y VIGILANCIA'),
(44, 8, 'AMBULANCIAS'),
(45, 8, 'EMPRESAS MULTISERVICIO - "MULTIGANG"'),
(46, 8, 'LIMPIEZA DE OBRA'),
(47, 8, 'EMPRESAS INSTALACIÓN SISTEMAS SEGURIDAD Y VIGILANCIA OBRA'),
(48, 9, 'INSTALACIÓN Y MANTENIMIENTO DE MEDIDAS Y ELEMENTOS DE PROTECCIÓN COLECTIVA'),
(49, 10, 'DEMOLICIONES'),
(50, 10, 'MOVIMIENTO DE TIERRAS'),
(51, 10, 'MOVIMIENTO DE TIERRAS - VOLADURAS'),
(52, 10, 'GUNITADOS'),
(53, 10, 'PROTECCIÓN / ESTABILIZACIÓN DE TALUDES'),
(54, 10, 'PILOTES / MUROS PANTALLA'),
(55, 10, 'MICROPILOTES'),
(56, 10, 'MEJORA Y ESTABILIZACIÓN DE SUELOS / INYECCIONES / JET GROUTING'),
(57, 10, 'ESTRUCTURAS DE HORMIGÓN'),
(58, 10, 'ESTRUCTURAS METÁLICAS PERFILES LAMINADOS'),
(59, 10, 'ESTRUCTURAS METÁLICAS ESPACIALES'),
(60, 10, 'ESTRUCTURAS DE MADERA LAMINADA'),
(61, 10, 'ESTRUCTURAS PREFABRICADAS DE HORMIGÓN'),
(62, 10, 'FORJADOS COLABORANTES'),
(63, 11, 'SOLUCIONES INTEGRALES PREFABRICADAS - ASEOS PREFABRICADOS, COCINAS PREF.'),
(64, 11, 'SOLUCIONES INTEGRALES PREFABRICADAS - EDIFICACIÓN MODULAR'),
(65, 11, 'SOLUCIONES INTEGRALES PREFABRICADAS - QUIRÓFANOS'),
(66, 12, 'LADRILLO VISTO'),
(67, 12, 'ALBAÑILERÍA EN GENERAL'),
(68, 12, 'YESOS / ENFOSCADOS'),
(69, 12, 'REVOCOS / MONOCAPAS'),
(70, 13, 'MÓDULOS PREFABRICADOS DE HORMIGÓN'),
(71, 13, 'REVOCOS / MONOCAPAS'),
(72, 13, 'YESOS / ENFOSCADOS'),
(73, 13, 'FACHADAS APLACADO PIEDRA NATURAL'),
(74, 13, 'FACHADAS VENTILADAS PANELES COMPOSITE'),
(75, 13, 'FACHADAS VENTILADAS CERÁMICAS - HORMIGÓN POLÍMERO'),
(76, 13, 'FACHADAS METÁLICAS (CHAPA, PANEL SANDWICH)'),
(77, 13, 'FACHADAS VENTILADAS PANELES TIPO FENÓLICO, TRESPA, PRODEMA'),
(78, 13, 'MURO CORTINA'),
(79, 13, 'CARPINTERÍA EXTERIOR METÁLICA (ALUMINIO, ACERO INOX)'),
(80, 13, 'CARPINTERÍA EXTERIOR DE MADERA'),
(81, 13, 'CARPINTERÍA EXTERIOR DE PVC'),
(82, 13, 'REVESTIMIENTOS MONOCAPA / REVOCOS / ENFOSCADOS / PÉTREOS'),
(83, 13, 'REVESTIMIENTO PANELES TIPO FENÓLICO, TRESPA, PRODEMA'),
(84, 13, 'ARQUITECTURA TEXTIL '),
(85, 13, 'DOBLE PIEL / SISTEMAS OSCURECIMIENTO / SOMBREAMIENTO'),
(86, 13, 'GÓNDOLAS - SISTEMAS LIMPIEZA FACHADAS'),
(87, 13, 'OTRAS FACHADAS'),
(88, 14, 'CUBIERTAS DECK'),
(89, 14, 'CUBIERTAS METÁLICAS (ZINC, COBRE)'),
(90, 14, 'LUCERNARIOS'),
(91, 14, 'CUBIERTAS PANEL SANDWICH'),
(92, 14, 'IMPERMEABILIZACIÓN LÁMINAS ASFÁLTICAS'),
(93, 14, 'IMPERMEABILIZACIÓN POLIURETANO'),
(94, 14, 'IMPERMEABILIZACIÓN LÁMINAS PVC'),
(95, 14, 'CUBIERTAS AJARDINADAS'),
(96, 14, 'CUBIERTAS TIPO EFTE'),
(97, 14, 'CUBIERTAS MATERIALES LIGEROS TIPO METACRILATO'),
(98, 14, 'CUBIERTAS TEJAS CERÁMICAS'),
(99, 14, 'CUBIERTA PIZARRA'),
(100, 14, 'IMPERMEABILIZACIONES EN GENERAL'),
(101, 14, 'OTRAS CUBIERTAS'),
(102, 15, 'URBANIZACIÓN EN GENERAL'),
(103, 15, 'PAVIMENTOS ASFÁLTICOS'),
(104, 15, 'JARDINERÍA'),
(105, 15, 'FUENTES DECORATIVAS'),
(106, 16, 'AISLAMIENTOS TÉRMICOS'),
(107, 16, 'AISLAMIENTOS ACÚSTICOS'),
(108, 16, 'TRATAMIENTOS IGNÍFUGOS Y PROTECCIONES CONTRA FUEGO'),
(109, 16, 'JUNTAS DE DILATACIÓN'),
(110, 17, 'FALSOS TECHOS METÁLICOS'),
(111, 17, 'FALSOS TECHOS MODULARES'),
(112, 17, 'FALSOS TECHOS CARTÓN-YESO'),
(113, 17, 'SUELO TÉCNICO'),
(114, 17, 'SOLADOS RESINAS / INDUSTRIALES / EPOXI'),
(115, 17, 'SOLADOS DE PIEDRA NATURAL'),
(116, 17, 'SOLADOS DE TERRAZO IN SITU - CONTINUO'),
(117, 17, 'SOLADOS DE TERRAZO EN BALDOSAS'),
(118, 17, 'SOLADOS DE MADERA (TARIMAS / PARQUET)'),
(119, 17, 'SOLADOS DE BALDOSAS CERÁMICAS / GRES'),
(120, 17, 'SOLADOS PLÁSTICOS (VINÍLO, PVC, LINOLEO)'),
(121, 17, 'SOLADOS DEPORTIVOS'),
(122, 17, 'MOQUETAS'),
(123, 17, 'TABIQUES MÓVILES'),
(124, 17, 'MAMPARAS'),
(125, 17, 'MAMPARAS ASEOS'),
(126, 17, 'PINTURAS'),
(127, 17, 'CERRAJERÍA GRUESA'),
(128, 17, 'METALISTERÍA (ACERO INOXIDABLE, ACERO, ALUMINIO, OTROS METALES)'),
(129, 17, 'VALLADOS Y CERRAMIENTOS METÁLICOS'),
(130, 17, 'PUERTAS RF'),
(131, 17, 'PUERTAS METÁLICAS'),
(132, 17, 'PUERTAS DE MADERA'),
(133, 17, 'PUERTAS AUTOMÁTICAS'),
(134, 17, 'PUERTAS ESPECIALES - GRANDES DIMENSIONES - INDUSTRIALES -HANGARES'),
(135, 17, 'CARPINTERÍA DE MADERA EN GENERAL'),
(136, 17, 'PANELES TIPO FENÓLICO, TRESPA, PRODEMA'),
(137, 17, 'CHAPADOS Y REVESTIMIENTOS PIEDRA NATURAL'),
(138, 17, 'VIDRIERÍA'),
(139, 17, 'SEÑALETICA '),
(140, 17, 'ELEMENTOS E INSTALACIONES ACÚSTICAS'),
(141, 17, 'ACABADOS EN GENERAL'),
(142, 17, 'OTROS ACABADOS ESPECÍFICOS'),
(143, 18, 'INSTALACIONES ELÉCTRICAS BAJA TENSIÓN'),
(144, 18, 'INSTALACIONES ELÉCTRICAS MEDIA TENSIÓN'),
(145, 18, 'CENTROS DE TRANSFORMACIÓN- CELDAS Y TRAFOS'),
(146, 18, 'DETECCIÓN DE INCENDIOS'),
(147, 19, 'FONTANERÍA'),
(148, 19, 'SANEAMIENTO'),
(149, 19, 'POCERÍA'),
(150, 19, 'GAS'),
(151, 19, 'CLIMATIZACIÓN - VENTILACIÓN - EXTRACCIÓN'),
(152, 19, 'EXTINCIÓN DE INCENDIOS'),
(153, 20, 'INSTALACIONES PARTICULARES CPD'),
(154, 20, 'INSTALACIÓN PROTECCIÓN CONTRAINCENDIOS'),
(155, 20, 'INSTALACIÓN ENERGÍA SOLAR (FOTOVOLTAICA /SOLAR TÉRMICA)'),
(156, 20, 'INSTALACIONES DE VOZ Y DATOS / TELEFONÍA / COMUNICACIONES'),
(157, 20, 'CONTROL DE ACCESOS'),
(158, 20, 'SEGURIDAD - CCTV'),
(159, 20, 'INSTALACIONES DE DOMÓTICA'),
(160, 20, 'INSTALACION GESTIÓN INTEGRAL DEL EDIFICIO (BMS)'),
(161, 20, 'INSTALACIÓN DETECCIÓN ESPECIAL (TIPO VESDA)'),
(162, 20, 'SISTEMAS ESPECIALES DE EXTINCIÓN DE INCENDIOS'),
(163, 20, 'INSTALACION DE CONTEO DE PERSONAS'),
(164, 20, 'INSTALACION DE GESTIÓN Y GUIADO DE PARKINGS'),
(165, 20, 'INSTALACIONES AUDIOVISUALES'),
(166, 21, 'ASCENSORES'),
(167, 21, 'ESCALERAS MECÁNICAS Y "TRAVELATORS"'),
(168, 21, 'MONTACARGAS'),
(169, 22, 'REHABILITACIÓN COMPLETA DE EDIFICIOS'),
(170, 22, 'REFUERZOS Y REHABILITACIÓN ESTRUCTURAL'),
(171, 22, 'REHABILITACIÓN FACHADAS'),
(172, 22, 'REHABILITACIONES Y REFORMAS INTERIORES'),
(173, 23, 'EQUIPAMIENTO HOTELES / RESIDENCIAS ESTUDIANTES'),
(174, 23, 'EQUIPAMIENTO HOSPITALES / RESIDENCIAS'),
(175, 23, 'MOBILIARIO Y EQUIPAMIENTO DE OFICINAS'),
(176, 23, 'MOBILIARIO Y EQUIPAMIENTO DE CENTROS COMERCIALES'),
(177, 23, 'MOBILIARIO Y EQUIPAMIENTO DEPORTIVO'),
(178, 23, 'MOBILIARIO URBANO'),
(179, 23, 'EQUIPAMIENTO DE COCINAS'),
(180, 23, 'EQUIPAMIENTO EN GENERAL'),
(181, 23, 'MOBILIARIO Y EQUIPAMIENTO ESPECÍFICO DE LABORATORIOS'),
(182, 23, 'SPA Y SAUNAS'),
(183, 23, 'EQUIPAMIENTO AUDIOVISUAL'),
(184, 23, 'EQUIPAMIENTO INFORMÁTICO');

-- --------------------------------------------------------

--
-- Estructura de tabla para la tabla `glpi_plugin_comproveedores_types`
--

CREATE TABLE IF NOT EXISTS `glpi_plugin_comproveedores_roltypes` (
  `id` int(11) NOT NULL,
  `name` varchar(200) NOT NULL
) ENGINE=MyISAM  DEFAULT CHARSET=utf8 COLLATE=utf8_unicode_ci;

--
-- Volcado de datos para la tabla `glpi_plugin_comproveedores_types`
--

INSERT INTO `glpi_plugin_comproveedores_roltypes` (`id`, `name`) VALUES
(1, 'Suministrador'),
(2, 'Contratista');

--
-- Índices para tablas volcadas
--

--
-- Indices de la tabla `glpi_plugin_comproveedores_categories`
--
ALTER TABLE `glpi_plugin_comproveedores_categories`
  ADD PRIMARY KEY (`id`);

--
-- Indices de la tabla `glpi_plugin_comproveedores_specialties`
--
ALTER TABLE `glpi_plugin_comproveedores_specialties`
  ADD PRIMARY KEY (`id`);

--
-- Indices de la tabla `glpi_plugin_comproveedores_types`
--
ALTER TABLE `glpi_plugin_comproveedores_roltypes`
  ADD PRIMARY KEY (`id`);

--
-- AUTO_INCREMENT de las tablas volcadas
--

--
-- AUTO_INCREMENT de la tabla `glpi_plugin_comproveedores_categories`
--
ALTER TABLE `glpi_plugin_comproveedores_categories`
  MODIFY `id` int(11) NOT NULL AUTO_INCREMENT, AUTO_INCREMENT=25;
--
-- AUTO_INCREMENT de la tabla `glpi_plugin_comproveedores_specialties`
--
ALTER TABLE `glpi_plugin_comproveedores_specialties`
  MODIFY `id` int(11) NOT NULL AUTO_INCREMENT, AUTO_INCREMENT=185;
--
-- AUTO_INCREMENT de la tabla `glpi_plugin_comproveedores_types`
--
ALTER TABLE `glpi_plugin_comproveedores_roltypes`
  MODIFY `id` int(11) NOT NULL AUTO_INCREMENT, AUTO_INCREMENT=3;
/*!40101 SET CHARACTER_SET_CLIENT=@OLD_CHARACTER_SET_CLIENT */;
/*!40101 SET CHARACTER_SET_RESULTS=@OLD_CHARACTER_SET_RESULTS */;
/*!40101 SET COLLATION_CONNECTION=@OLD_COLLATION_CONNECTION */;
